-- Adminer 4.8.1 MySQL 8.3.0 dump

SET NAMES utf8;
SET time_zone = '+00:00';
SET foreign_key_checks = 0;
SET sql_mode = 'NO_AUTO_VALUE_ON_ZERO';

SET NAMES utf8mb4;

DROP TABLE IF EXISTS `Condition`;
CREATE TABLE `Condition` (
  `id` int NOT NULL AUTO_INCREMENT,
  `name` varchar(191) COLLATE utf8mb4_unicode_ci NOT NULL,
  PRIMARY KEY (`id`)
) ENGINE=InnoDB AUTO_INCREMENT=173 DEFAULT CHARSET=utf8mb4 COLLATE=utf8mb4_unicode_ci;

INSERT INTO `Condition` (`id`, `name`) VALUES
(1,	'Immunity To Rubella Not Detected'),
(2,	'Raised Waistline'),
(3,	'Abnormal Beta-HCG Levels'),
(4,	'Possible Muscle Breakdown'),
(5,	'Likely Reduced Vitamin B12'),
(6,	'Anatomical Abnormality of Gallbladder'),
(7,	'Evidence of Recent EBV Infection'),
(8,	'Likely Past History of Cleared Hepatitis B'),
(9,	'Possible Pancreas Inflammation'),
(10,	'Increase Abdominal Arterial Aneurysm Risk'),
(11,	'Alternaria Alternata Mould Allergy'),
(12,	'Abnormal Non-Coronary Cardiac Finding'),
(13,	'Incidental Non-Cardiac Finding'),
(14,	'Increased Lung Cancer Risk'),
(15,	'Abnormal Heart Rhythm'),
(16,	'Abnormal Colonoscopy'),
(17,	'Raised Resting Heart Rate'),
(18,	'Dust Mite Allergy'),
(19,	'Increased Cardiovascular Disease Risk'),
(20,	'Anatomical Abnormality of Spleen'),
(21,	'Possible Syphilis Infection'),
(22,	'Abnormal Features on Exercise Stress Echocardiogram'),
(23,	'Abnormal Pelvic MRI'),
(24,	'Abnormal Coronary Artery Finding'),
(25,	'Likely Hepatitis B Infection'),
(26,	'Rye Grass Allergy'),
(27,	'Fatty Liver'),
(28,	'Established Coronary Artery Calcification'),
(29,	'Increased Risk of Breast Cancer'),
(30,	'Suboptimal Core Strength'),
(31,	'Abnormal Kidney Function'),
(32,	'Increased Liver Stiffness'),
(33,	'Abnormal Iron Stores'),
(34,	'Elevated Morning Cortisol Levels'),
(35,	'Likely Gonorrhoea Infection'),
(36,	'Increased Risk of Colorectal and Pancreatic Cancers'),
(37,	'Anatomical Abnormality of Kidneys'),
(38,	'Possible Hepatitis C Infection'),
(39,	'Suboptimal Aerobic Fitness for Age'),
(40,	'Suboptimal Diastolic Blood Pressure'),
(41,	'Abnormal Red Cell Size'),
(42,	'Abnormal Blood Count'),
(43,	'Abnormal Platelet Count'),
(44,	'Elevated Heart Age'),
(45,	'Increased Prostate Cancer Risk'),
(46,	'Increased Heart Attack and Stroke Risk'),
(47,	'Immunity To Chicken Pox Not Detected'),
(48,	'Increased Risk of Pancreatic or Other Gastrointestinal Cancers'),
(49,	'Suboptimal Metabolic Health and Insulin Sensitivity'),
(50,	'Suboptimal Metabolic Health and Blood Sugars'),
(51,	'Abnormal Scrotal Ultrasound'),
(52,	'Likely Environmental Allergy'),
(53,	'Possible HIV Infection'),
(54,	'Abnormal Renal Tract Ultrasound'),
(55,	'Raised Disease Marker'),
(56,	'Increased Atherosclerotic Disease Risk'),
(57,	'Low Serum Magnesium'),
(58,	'Low Serum Folate'),
(59,	'Increased Risk of Liver Cancer'),
(60,	'Helicobacter Infection of Stomach'),
(61,	'Anatomical Abnormality of The Spine'),
(62,	'Suboptimal Systolic Blood Pressure'),
(63,	'Suboptimal Metabolic Health and Sugar Processing'),
(64,	'Abnormal Thyroid Ultrasound'),
(65,	'Vulnerable To Hepatitis A Infection'),
(66,	'Anatomical Abnormality of Pancreas'),
(67,	'Low Serum Phosphate'),
(68,	'Suboptimal Total Body Fat'),
(69,	'Evidence of Previous EBV Infection'),
(70,	'Suboptimal Vitamin D'),
(71,	'Suboptimal Allergy Status'),
(72,	'Anatomical Abnormality of Liver'),
(73,	'Abnormal Urine Screening Test'),
(74,	'Elevated Mercury Levels'),
(75,	'Suboptimal Zinc Level'),
(76,	'Suboptimal Fat Distribution and Body Shape'),
(77,	'Vulnerable To Hepatitis B Infection'),
(78,	'Possible Kidney Impairment'),
(79,	'Increased Bowel Cancer Risk'),
(80,	'Reduced Aerobic Capacity'),
(81,	'Fibroscan Accuracy Low'),
(82,	'Likely Chlamydia Infection'),
(83,	'Low Vitamin B12'),
(84,	'Anatomical Abnormality of The Brain'),
(85,	'Abnormal Gastroscopy'),
(86,	'Increased Risk of Ovarian Cancer'),
(87,	'Increased Risk of Ovarian Cancer'),
(88,	'Rye Grass Allergy'),
(89,	'Abnormal Red Cell Size'),
(90,	'Immunity To Rubella Not Detected'),
(91,	'Anatomical Abnormality of Gallbladder'),
(92,	'Likely Hepatitis B Infection'),
(93,	'Vulnerable To Hepatitis B Infection'),
(94,	'Established Coronary Artery Calcification'),
(95,	'Abnormal Kidney Function'),
(96,	'Abnormal Iron Stores'),
(97,	'Helicobacter Infection of Stomach'),
(98,	'Increase Abdominal Arterial Aneurysm Risk'),
(99,	'Raised Resting Heart Rate'),
(100,	'Raised Waistline'),
(101,	'Likely Reduced Vitamin B12'),
(102,	'Immunity To Chicken Pox Not Detected'),
(103,	'Vulnerable To Hepatitis A Infection'),
(104,	'Likely Past History of Cleared Hepatitis B'),
(105,	'Abnormal Beta-HCG Levels'),
(106,	'Possible Muscle Breakdown'),
(107,	'Suboptimal Allergy Status'),
(108,	'Anatomical Abnormality of Kidneys'),
(109,	'Possible Pancreas Inflammation'),
(110,	'Reduced Aerobic Capacity'),
(111,	'Increased Risk of Colorectal and Pancreatic Cancers'),
(112,	'Abnormal Pelvic MRI'),
(113,	'Fibroscan Accuracy Low'),
(114,	'Abnormal Platelet Count'),
(115,	'Abnormal Features on Exercise Stress Echocardiogram'),
(116,	'Suboptimal Core Strength'),
(117,	'Fatty Liver'),
(118,	'Increased Liver Stiffness'),
(119,	'Elevated Morning Cortisol Levels'),
(120,	'Possible Syphilis Infection'),
(121,	'Suboptimal Fat Distribution and Body Shape'),
(122,	'Increased Heart Attack and Stroke Risk'),
(123,	'Alternaria Alternata Mould Allergy'),
(124,	'Dust Mite Allergy'),
(125,	'Suboptimal Aerobic Fitness for Age'),
(126,	'Increased Risk of Liver Cancer'),
(127,	'Raised Disease Marker'),
(128,	'Possible HIV Infection'),
(129,	'Increased Prostate Cancer Risk'),
(130,	'Increased Lung Cancer Risk'),
(131,	'Suboptimal Metabolic Health and Blood Sugars'),
(132,	'Suboptimal Metabolic Health and Sugar Processing'),
(133,	'Abnormal Renal Tract Ultrasound'),
(134,	'Increased Risk of Breast Cancer'),
(135,	'Increased Bowel Cancer Risk'),
(136,	'Low Serum Folate'),
(137,	'Abnormal Scrotal Ultrasound'),
(138,	'Suboptimal Total Body Fat'),
(139,	'Elevated Heart Age'),
(140,	'Abnormal Thyroid Ultrasound'),
(141,	'Low Serum Magnesium'),
(142,	'Low Serum Phosphate'),
(143,	'Likely Environmental Allergy'),
(144,	'Anatomical Abnormality of The Spine'),
(145,	'Incidental Non-Cardiac Finding'),
(146,	'Abnormal Urine Screening Test'),
(147,	'Possible Kidney Impairment'),
(148,	'Anatomical Abnormality of Pancreas'),
(149,	'Abnormal Gastroscopy'),
(150,	'Increased Risk of Pancreatic or Other Gastrointestinal Cancers'),
(151,	'Low Vitamin B12'),
(152,	'Suboptimal Vitamin D'),
(153,	'Evidence of Previous EBV Infection'),
(154,	'Abnormal Non-Coronary Cardiac Finding'),
(155,	'Abnormal Colonoscopy'),
(156,	'Suboptimal Metabolic Health and Insulin Sensitivity'),
(157,	'Increased Cardiovascular Disease Risk'),
(158,	'Suboptimal Zinc Level'),
(159,	'Anatomical Abnormality of The Brain'),
(160,	'Suboptimal Diastolic Blood Pressure'),
(161,	'Likely Gonorrhoea Infection'),
(162,	'Abnormal Heart Rhythm'),
(163,	'Elevated Mercury Levels'),
(164,	'Abnormal Blood Count'),
(165,	'Abnormal Coronary Artery Finding'),
(166,	'Increased Atherosclerotic Disease Risk'),
(167,	'Anatomical Abnormality of Liver'),
(168,	'Anatomical Abnormality of Spleen'),
(169,	'Evidence of Recent EBV Infection'),
(170,	'Likely Chlamydia Infection'),
(171,	'Suboptimal Systolic Blood Pressure'),
(172,	'Possible Hepatitis C Infection');

DROP TABLE IF EXISTS `Diagnostic`;
CREATE TABLE `Diagnostic` (
  `id` int NOT NULL AUTO_INCREMENT,
  `name` varchar(191) COLLATE utf8mb4_unicode_ci NOT NULL,
  `diagnosticGroupId` int NOT NULL,
  PRIMARY KEY (`id`),
  KEY `Diagnostic_diagnosticGroupId_fkey` (`diagnosticGroupId`),
  CONSTRAINT `Diagnostic_diagnosticGroupId_fkey` FOREIGN KEY (`diagnosticGroupId`) REFERENCES `DiagnosticGroup` (`id`) ON DELETE RESTRICT ON UPDATE CASCADE
) ENGINE=InnoDB AUTO_INCREMENT=237 DEFAULT CHARSET=utf8mb4 COLLATE=utf8mb4_unicode_ci;

INSERT INTO `Diagnostic` (`id`, `name`, `diagnosticGroupId`) VALUES
(1,	'Thyroid Peroxidase (Tpo)',	192),
(2,	'Helicobacter Breath Test',	219),
(3,	'Colonoscopy',	211),
(4,	'Thyroid Ultrasound',	128),
(5,	'Apolipoprotein B',	183),
(6,	'Urinalysis Test',	175),
(7,	'Immunoglobulin E (IgE)',	150),
(8,	'Beta-HCG (Female)',	176),
(9,	'Prostate-Specific Antigen (Male)',	218),
(10,	'Alpha Fetoprotein',	148),
(11,	'Renal Tract Ultrasound',	139),
(12,	'Lactate Dehydrogenase',	199),
(13,	'Serum Folate',	198),
(14,	'Serum Phosphate',	165),
(15,	'Blood Pressure Profile',	113),
(16,	'Faecal Occult Blood',	224),
(17,	'Thyroglobulin Antibodies (Tgab)',	182),
(18,	'Random Glucose',	195),
(19,	'Random Insulin',	210),
(20,	'Gastroscopy',	206),
(21,	'Breathing and Lung Function',	131),
(22,	'Continuous Glucose Monitor',	152),
(23,	'Vitamin D3',	151),
(24,	'C-reactive Protein',	185),
(25,	'CT Coronary Calcium Score',	154),
(26,	'Liver Stiffness Fibroscan',	135),
(27,	'Food Diary Analysis',	116),
(28,	'White Cell Count and Profile',	193),
(29,	'Abdominal Organ Ultrasound Screening',	118),
(30,	'Morning Serum Cortisol',	123),
(31,	'Testosterone Level',	166),
(32,	'Serum Lead Level',	170),
(33,	'Core Biometric Measurements',	129),
(34,	'Luteinizing Hormone',	141),
(35,	'Copper',	202),
(36,	'Serum Mercury Level',	162),
(37,	'Hepatitis B Surface Antibodies',	222),
(38,	'HbA1c Test',	147),
(39,	'Free Testosterone',	223),
(40,	'Chlamydia Screening Test',	189),
(41,	'Growth Hormone',	140),
(42,	'Homocysteine',	124),
(43,	'Scrotal Ultrasound',	149),
(44,	'Follicle-Stimulating Hormone',	120),
(45,	'Gonorrhoea Screening Test',	194),
(46,	'Dexa Body Fat Analysis',	216),
(47,	'Progesterone',	179),
(48,	'Serum Magnesium',	172),
(49,	'Sex Hormone Binding Globulin',	187),
(50,	'Exercise Stress Echocardiogram (ESE)',	145),
(51,	'Australian Cardiovascular Disease 5 Year Risk Forecast',	203),
(52,	'Resting Metabolic Rate Profiling',	212),
(53,	'HOMA-IR',	208),
(54,	'Prolactin',	190),
(55,	'Iron Levels Analysis',	138),
(56,	'Fatty Acid Profile - Omega 3 Index (EPA and DHA) and Omega 6 to 3 Ratio',	174),
(57,	'Serum Parathyroid Hormone',	153),
(58,	'Insulin-like growth factor 1',	204),
(59,	'Fasting Glucose',	122),
(60,	'Zinc Level',	201),
(61,	'Total Serum IgA',	173),
(62,	'Obesity/Sarcopenia Category',	207),
(63,	'Brain MRI',	115),
(64,	'Spine MRI',	136),
(65,	'Clotting Function Profile',	196),
(66,	'Liver Function Panel',	159),
(67,	'CT coronary angiogram (CTCA)',	117),
(68,	'Pelvic (Prostate) MRI',	121),
(69,	'Qrisk®3-2018 (UK) Heart Attack/Stroke Risk Forecast',	205),
(70,	'DHEA-S',	215),
(71,	'Aldosterone',	155),
(72,	'Vitamin B12',	161),
(73,	'Fasting Insulin',	137),
(74,	'Electrocardiogram (ECG)',	130),
(75,	'Haemoglobin and Red Cell Analysis',	193),
(76,	'Serum Calcium',	186),
(77,	'Erythrocyte Sedimentation Rate',	133),
(78,	'Anti-CCP Antibodies',	160),
(79,	'Rheumatoid Factor (RF)',	184),
(80,	'Apolipoprotein E Genotype',	125),
(81,	'Kidney Function',	197),
(82,	'Thyroid Stimulating Hormone (TSH)',	164),
(83,	'Uric Acid',	181),
(84,	'Electrolyte Panel',	197),
(85,	'Urinary Albumin-to-Creatinine Ratio (Early Kidney Protein Loss Detection)',	220),
(86,	'Anti-deamidated Gliadin Antibody',	177),
(87,	'Platelet Count',	193),
(88,	'Cystatin C - Alternative Kidney Function Screen',	191),
(89,	'Full Cholesterol Profiling',	142),
(90,	'EBV serology',	213),
(91,	'Estradiol',	217),
(92,	'Pharmacogenetics Study',	200),
(93,	'Antinuclear Antibody',	169),
(94,	'Thyroxine (T4) Free',	171),
(95,	'Bone Mineral Density Measurement',	216),
(96,	'Triiodothyronine (T3) Free',	156),
(97,	'Lipoprotein (a)',	157),
(98,	'Peak Fitness Level Assessment (VO2Max Testing)',	146),
(99,	'Lean Mass Index',	216),
(100,	'CT chest (everlab™ ultra-low dose protocol)',	143),
(101,	'University Of Sheffield Fracture Risk Assessment',	209),
(102,	'Grip Strength Assessment',	127),
(103,	'Plank Hold Assessment (Core Strength)',	127),
(104,	'Hepatitis B Surface Antigen',	214),
(105,	'In-Home Sleep Test',	158),
(106,	'Hepatitis A IgG Antibody',	144),
(107,	'High Sensitivity C-Reactive Protein',	167),
(108,	'Trunk Stability Push-Up Test',	127),
(109,	'Multifocal Combination Assessment',	114),
(110,	'Single Leg Squat',	127),
(111,	'Advanced Muscle Strength and Stability Assessment',	114),
(112,	'Inline Lunge Test',	127),
(113,	'Astrand Treadmill Test',	132),
(114,	'Dexa Visceral Adipose Tissue Analysis',	216),
(115,	'Deep Squat Assessment',	127),
(116,	'Iga Anti-tissue Transglutaminase',	221),
(117,	'Hepatitis C Antibodies',	134),
(118,	'Renin Level',	180),
(119,	'Random Insulin',	307),
(120,	'High Sensitivity C-Reactive Protein',	260),
(121,	'Liver Stiffness Fibroscan',	329),
(122,	'Alpha Fetoprotein',	242),
(123,	'Serum Magnesium',	276),
(124,	'Zinc Level',	290),
(125,	'Homocysteine',	248),
(126,	'Blood Pressure Profile',	243),
(127,	'Lipoprotein (a)',	313),
(128,	'Exercise Stress Echocardiogram (ESE)',	311),
(129,	'Thyroglobulin Antibodies (Tgab)',	288),
(130,	'Vitamin D3',	246),
(131,	'Pelvic (Prostate) MRI',	232),
(132,	'Renin Level',	279),
(133,	'Serum Phosphate',	327),
(134,	'Lactate Dehydrogenase',	298),
(135,	'CT chest (everlab™ ultra-low dose protocol)',	321),
(136,	'Gastroscopy',	306),
(137,	'White Cell Count and Profile',	291),
(138,	'Breathing and Lung Function',	230),
(139,	'Hepatitis B Surface Antibodies',	257),
(140,	'Food Diary Analysis',	237),
(141,	'Copper',	284),
(142,	'Prostate-Specific Antigen (Male)',	331),
(143,	'Iron Levels Analysis',	236),
(144,	'Random Glucose',	302),
(145,	'Urinalysis Test',	287),
(146,	'Thyroid Ultrasound',	233),
(147,	'Abdominal Organ Ultrasound Screening',	234),
(148,	'Fatty Acid Profile - Omega 3 Index (EPA and DHA) and Omega 6 to 3 Ratio',	269),
(149,	'Core Biometric Measurements',	238),
(150,	'Scrotal Ultrasound',	319),
(151,	'Serum Mercury Level',	251),
(152,	'Prolactin',	273),
(153,	'Apolipoprotein B',	274),
(154,	'C-reactive Protein',	293),
(155,	'Immunoglobulin E (IgE)',	265),
(156,	'Gonorrhoea Screening Test',	294),
(157,	'Total Serum IgA',	267),
(158,	'Fasting Insulin',	275),
(159,	'Serum Parathyroid Hormone',	229),
(160,	'CT Coronary Calcium Score',	318),
(161,	'Beta-HCG (Female)',	268),
(162,	'Fasting Glucose',	239),
(163,	'HbA1c Test',	261),
(164,	'Dexa Body Fat Analysis',	310),
(165,	'Uric Acid',	286),
(166,	'HOMA-IR',	309),
(167,	'Free Testosterone',	333),
(168,	'Estradiol',	334),
(169,	'Clotting Function Profile',	282),
(170,	'Obesity/Sarcopenia Category',	303),
(171,	'Luteinizing Hormone',	322),
(172,	'Vitamin B12',	320),
(173,	'Testosterone Level',	328),
(174,	'DHEA-S',	289),
(175,	'Resting Metabolic Rate Profiling',	304),
(176,	'Serum Calcium',	278),
(177,	'Chlamydia Screening Test',	295),
(178,	'Aldosterone',	247),
(179,	'Anti-deamidated Gliadin Antibody',	254),
(180,	'Haemoglobin and Red Cell Analysis',	291),
(181,	'Electrolyte Panel',	297),
(182,	'Hepatitis C Antibodies',	240),
(183,	'Follicle-Stimulating Hormone',	227),
(184,	'Growth Hormone',	262),
(185,	'Electrocardiogram (ECG)',	336),
(186,	'EBV serology',	280),
(187,	'Kidney Function',	297),
(188,	'Insulin-like growth factor 1',	305),
(189,	'Sex Hormone Binding Globulin',	292),
(190,	'Rheumatoid Factor (RF)',	272),
(191,	'Platelet Count',	291),
(192,	'Anti-CCP Antibodies',	250),
(193,	'Progesterone',	283),
(194,	'Urinary Albumin-to-Creatinine Ratio (Early Kidney Protein Loss Detection)',	330),
(195,	'Triiodothyronine (T3) Free',	325),
(196,	'Thyroid Stimulating Hormone (TSH)',	253),
(197,	'Thyroid Peroxidase (Tpo)',	271),
(198,	'Dexa Visceral Adipose Tissue Analysis',	310),
(199,	'Hepatitis B Surface Antigen',	252),
(200,	'Thyroxine (T4) Free',	263),
(201,	'Brain MRI',	315),
(202,	'Peak Fitness Level Assessment (VO2Max Testing)',	235),
(203,	'Bone Mineral Density Measurement',	310),
(204,	'Cystatin C - Alternative Kidney Function Screen',	296),
(205,	'Antinuclear Antibody',	256),
(206,	'In-Home Sleep Test',	323),
(207,	'Lean Mass Index',	310),
(208,	'Plank Hold Assessment (Core Strength)',	226),
(209,	'Liver Function Panel',	324),
(210,	'Astrand Treadmill Test',	228),
(211,	'Continuous Glucose Monitor',	314),
(212,	'Deep Squat Assessment',	226),
(213,	'Spine MRI',	316),
(214,	'Trunk Stability Push-Up Test',	226),
(215,	'Grip Strength Assessment',	226),
(216,	'Serum Folate',	285),
(217,	'University Of Sheffield Fracture Risk Assessment',	300),
(218,	'Inline Lunge Test',	226),
(219,	'Advanced Muscle Strength and Stability Assessment',	231),
(220,	'Morning Serum Cortisol',	241),
(221,	'Single Leg Squat',	226),
(222,	'Multifocal Combination Assessment',	231),
(223,	'Serum Lead Level',	326),
(224,	'Erythrocyte Sedimentation Rate',	335),
(225,	'Renal Tract Ultrasound',	312),
(226,	'Helicobacter Breath Test',	259),
(227,	'Full Cholesterol Profiling',	317),
(228,	'CT coronary angiogram (CTCA)',	244),
(229,	'Faecal Occult Blood',	332),
(230,	'Pharmacogenetics Study',	281),
(231,	'Apolipoprotein E Genotype',	245),
(232,	'Australian Cardiovascular Disease 5 Year Risk Forecast',	301),
(233,	'Colonoscopy',	299),
(234,	'Iga Anti-tissue Transglutaminase',	255),
(235,	'Hepatitis A IgG Antibody',	258),
(236,	'Qrisk®3-2018 (UK) Heart Attack/Stroke Risk Forecast',	308);

DROP TABLE IF EXISTS `DiagnosticGroup`;
CREATE TABLE `DiagnosticGroup` (
  `id` int NOT NULL AUTO_INCREMENT,
  `name` varchar(191) COLLATE utf8mb4_unicode_ci NOT NULL,
  PRIMARY KEY (`id`)
) ENGINE=InnoDB AUTO_INCREMENT=337 DEFAULT CHARSET=utf8mb4 COLLATE=utf8mb4_unicode_ci;

INSERT INTO `DiagnosticGroup` (`id`, `name`) VALUES
(1,	'Upper Abdominal Ultrasound'),
(2,	'Non-con CT chest (everlab™ ultra-low dose protocol)'),
(3,	'HCV AB'),
(4,	'Advanced Physical Assessment'),
(5,	'Hep A IgG Ab'),
(6,	'Blood Pressure Profile'),
(7,	'MRI Pelvis/Prostate'),
(8,	'Cortisol - morning collection (serum)'),
(9,	'CT coronary angiogram (CTCA)'),
(10,	'Beginner Physical Assessment'),
(11,	'Baseline Physical Assessment'),
(12,	'Apolipoprotein E Genotype'),
(13,	'Breathing and Lung Function'),
(14,	'Iron Studies'),
(15,	'Basic Aerobic Capacity'),
(16,	'non-con screening MRI Brain'),
(17,	'Thyroid Ultrasound'),
(18,	'Cronometer'),
(19,	'ECG'),
(20,	'FSH'),
(21,	'Core Biometric Measurements'),
(22,	'Serum PTH'),
(23,	'Lipids/HDL/LDL'),
(24,	'Free T3'),
(25,	'Testosterone'),
(26,	'LH'),
(27,	'Vit B12'),
(28,	'TSH'),
(29,	'Blood Lead'),
(30,	'Lipoprotein (a)'),
(31,	'Blood Mercury'),
(32,	'VO2 Max Aerobic Capacity'),
(33,	'LFTs'),
(34,	'HS-CRP'),
(35,	'Total IgA'),
(36,	'Prolactin'),
(37,	'Omega 3 Index (EPA and DHA) and Omega 6 to 3 Ratio'),
(38,	'AFP'),
(39,	'Serum Phosphate'),
(40,	'Free T4'),
(41,	'RF'),
(42,	'Mg'),
(43,	'CA 19-9'),
(44,	'Vit D'),
(45,	'Progesterone'),
(46,	'β-HCG (Female)'),
(47,	'Renin'),
(48,	'MSU MCS'),
(49,	'Aldosterone'),
(50,	'IgE'),
(51,	'CEA'),
(52,	'TPO'),
(53,	'RAST (Rye grass, Dust mite, Cat, Dog)'),
(54,	'Growth Hormone'),
(55,	'CA 15-3'),
(56,	'Serum Calcium'),
(57,	'Clotting Profile'),
(58,	'Apolipoprotein B'),
(59,	'Folate'),
(60,	'Uric Acid'),
(61,	'Pharmacogenetics Study'),
(62,	'Anti-CCP Ab'),
(63,	'CA-125'),
(64,	'Copper'),
(65,	'HBA1c'),
(66,	'Thyroglobulin Antibodies (Tgab)'),
(67,	'Renal Tract Ultrasound'),
(68,	'Random BSL'),
(69,	'EUC'),
(70,	'FPU chlamydia NAAT'),
(71,	'Cystatin C'),
(72,	'DHEA-S'),
(73,	'non-con screening MRI Spine'),
(74,	'Zinc'),
(75,	'FPU gonorrhoea NAAT'),
(76,	'ANA'),
(77,	'EBV serology'),
(78,	'LDH'),
(79,	'SHBG'),
(80,	'Anti-deamidated Gliadin Antibody'),
(81,	'CRP'),
(82,	'Fibroscan'),
(83,	'Insulin - Fasting'),
(84,	'FBE'),
(85,	'Australian Cardiovascular Disease 5 Year Risk Forecast'),
(86,	'Colonoscopy'),
(87,	'Random Insulin'),
(88,	'CT Coronary Calcium Score'),
(89,	'Gastroscopy'),
(90,	'University Of Sheffield Fracture Risk Assessment'),
(91,	'HOMA-IR'),
(92,	'DEXA Body Composition Scan + Full Bone Mineral Density Scan'),
(93,	'Qrisk®3-2018 (UK) Heart Attack/Stroke Risk Forecast'),
(94,	'HBsAg'),
(95,	'Iga Anti-tissue Transglutaminase'),
(96,	'Scrotal Ultrasound'),
(97,	'ESR'),
(98,	'PSA'),
(99,	'Obesity/Sarcopenia Category'),
(100,	'IGF-1'),
(101,	'Continuous Glucose Monitor'),
(102,	'Resting Metabolic Rate Profiling'),
(103,	'Fasting BSL'),
(104,	'HBsAb'),
(105,	'Estradiol'),
(106,	'Exercise Stress Echocardiogram (ESE)'),
(107,	'In-Home Sleep Test'),
(108,	'Helicobacter Breath Test'),
(109,	'FPU uACR'),
(110,	'Homocysteine'),
(111,	'Free Testosterone'),
(112,	'FOBT'),
(113,	'Blood Pressure Profile'),
(114,	'Advanced Physical Assessment'),
(115,	'non-con screening MRI Brain'),
(116,	'Cronometer'),
(117,	'CT coronary angiogram (CTCA)'),
(118,	'Upper Abdominal Ultrasound'),
(119,	'CA 19-9'),
(120,	'FSH'),
(121,	'MRI Pelvis/Prostate'),
(122,	'Fasting BSL'),
(123,	'Cortisol - morning collection (serum)'),
(124,	'Homocysteine'),
(125,	'Apolipoprotein E Genotype'),
(126,	'Beginner Physical Assessment'),
(127,	'Baseline Physical Assessment'),
(128,	'Thyroid Ultrasound'),
(129,	'Core Biometric Measurements'),
(130,	'ECG'),
(131,	'Breathing and Lung Function'),
(132,	'Basic Aerobic Capacity'),
(133,	'ESR'),
(134,	'HCV AB'),
(135,	'Fibroscan'),
(136,	'non-con screening MRI Spine'),
(137,	'Insulin - Fasting'),
(138,	'Iron Studies'),
(139,	'Renal Tract Ultrasound'),
(140,	'Growth Hormone'),
(141,	'LH'),
(142,	'Lipids/HDL/LDL'),
(143,	'Non-con CT chest (everlab™ ultra-low dose protocol)'),
(144,	'Hep A IgG Ab'),
(145,	'Exercise Stress Echocardiogram (ESE)'),
(146,	'VO2 Max Aerobic Capacity'),
(147,	'HBA1c'),
(148,	'AFP'),
(149,	'Scrotal Ultrasound'),
(150,	'IgE'),
(151,	'Vit D'),
(152,	'Continuous Glucose Monitor'),
(153,	'Serum PTH'),
(154,	'CT Coronary Calcium Score'),
(155,	'Aldosterone'),
(156,	'Free T3'),
(157,	'Lipoprotein (a)'),
(158,	'In-Home Sleep Test'),
(159,	'LFTs'),
(160,	'Anti-CCP Ab'),
(161,	'Vit B12'),
(162,	'Blood Mercury'),
(163,	'CA 15-3'),
(164,	'TSH'),
(165,	'Serum Phosphate'),
(166,	'Testosterone'),
(167,	'HS-CRP'),
(168,	'CA-125'),
(169,	'ANA'),
(170,	'Blood Lead'),
(171,	'Free T4'),
(172,	'Mg'),
(173,	'Total IgA'),
(174,	'Omega 3 Index (EPA and DHA) and Omega 6 to 3 Ratio'),
(175,	'MSU MCS'),
(176,	'β-HCG (Female)'),
(177,	'Anti-deamidated Gliadin Antibody'),
(178,	'RAST (Rye grass, Dust mite, Cat, Dog)'),
(179,	'Progesterone'),
(180,	'Renin'),
(181,	'Uric Acid'),
(182,	'Thyroglobulin Antibodies (Tgab)'),
(183,	'Apolipoprotein B'),
(184,	'RF'),
(185,	'CRP'),
(186,	'Serum Calcium'),
(187,	'SHBG'),
(188,	'CEA'),
(189,	'FPU chlamydia NAAT'),
(190,	'Prolactin'),
(191,	'Cystatin C'),
(192,	'TPO'),
(193,	'FBE'),
(194,	'FPU gonorrhoea NAAT'),
(195,	'Random BSL'),
(196,	'Clotting Profile'),
(197,	'EUC'),
(198,	'Folate'),
(199,	'LDH'),
(200,	'Pharmacogenetics Study'),
(201,	'Zinc'),
(202,	'Copper'),
(203,	'Australian Cardiovascular Disease 5 Year Risk Forecast'),
(204,	'IGF-1'),
(205,	'Qrisk®3-2018 (UK) Heart Attack/Stroke Risk Forecast'),
(206,	'Gastroscopy'),
(207,	'Obesity/Sarcopenia Category'),
(208,	'HOMA-IR'),
(209,	'University Of Sheffield Fracture Risk Assessment'),
(210,	'Random Insulin'),
(211,	'Colonoscopy'),
(212,	'Resting Metabolic Rate Profiling'),
(213,	'EBV serology'),
(214,	'HBsAg'),
(215,	'DHEA-S'),
(216,	'DEXA Body Composition Scan + Full Bone Mineral Density Scan'),
(217,	'Estradiol'),
(218,	'PSA'),
(219,	'Helicobacter Breath Test'),
(220,	'FPU uACR'),
(221,	'Iga Anti-tissue Transglutaminase'),
(222,	'HBsAb'),
(223,	'Free Testosterone'),
(224,	'FOBT'),
(225,	'Beginner Physical Assessment'),
(226,	'Baseline Physical Assessment'),
(227,	'FSH'),
(228,	'Basic Aerobic Capacity'),
(229,	'Serum PTH'),
(230,	'Breathing and Lung Function'),
(231,	'Advanced Physical Assessment'),
(232,	'MRI Pelvis/Prostate'),
(233,	'Thyroid Ultrasound'),
(234,	'Upper Abdominal Ultrasound'),
(235,	'VO2 Max Aerobic Capacity'),
(236,	'Iron Studies'),
(237,	'Cronometer'),
(238,	'Core Biometric Measurements'),
(239,	'Fasting BSL'),
(240,	'HCV AB'),
(241,	'Cortisol - morning collection (serum)'),
(242,	'AFP'),
(243,	'Blood Pressure Profile'),
(244,	'CT coronary angiogram (CTCA)'),
(245,	'Apolipoprotein E Genotype'),
(246,	'Vit D'),
(247,	'Aldosterone'),
(248,	'Homocysteine'),
(249,	'CA 15-3'),
(250,	'Anti-CCP Ab'),
(251,	'Blood Mercury'),
(252,	'HBsAg'),
(253,	'TSH'),
(254,	'Anti-deamidated Gliadin Antibody'),
(255,	'Iga Anti-tissue Transglutaminase'),
(256,	'ANA'),
(257,	'HBsAb'),
(258,	'Hep A IgG Ab'),
(259,	'Helicobacter Breath Test'),
(260,	'HS-CRP'),
(261,	'HBA1c'),
(262,	'Growth Hormone'),
(263,	'Free T4'),
(264,	'CA 19-9'),
(265,	'IgE'),
(266,	'CA-125'),
(267,	'Total IgA'),
(268,	'β-HCG (Female)'),
(269,	'Omega 3 Index (EPA and DHA) and Omega 6 to 3 Ratio'),
(270,	'CEA'),
(271,	'TPO'),
(272,	'RF'),
(273,	'Prolactin'),
(274,	'Apolipoprotein B'),
(275,	'Insulin - Fasting'),
(276,	'Mg'),
(277,	'RAST (Rye grass, Dust mite, Cat, Dog)'),
(278,	'Serum Calcium'),
(279,	'Renin'),
(280,	'EBV serology'),
(281,	'Pharmacogenetics Study'),
(282,	'Clotting Profile'),
(283,	'Progesterone'),
(284,	'Copper'),
(285,	'Folate'),
(286,	'Uric Acid'),
(287,	'MSU MCS'),
(288,	'Thyroglobulin Antibodies (Tgab)'),
(289,	'DHEA-S'),
(290,	'Zinc'),
(291,	'FBE'),
(292,	'SHBG'),
(293,	'CRP'),
(294,	'FPU gonorrhoea NAAT'),
(295,	'FPU chlamydia NAAT'),
(296,	'Cystatin C'),
(297,	'EUC'),
(298,	'LDH'),
(299,	'Colonoscopy'),
(300,	'University Of Sheffield Fracture Risk Assessment'),
(301,	'Australian Cardiovascular Disease 5 Year Risk Forecast'),
(302,	'Random BSL'),
(303,	'Obesity/Sarcopenia Category'),
(304,	'Resting Metabolic Rate Profiling'),
(305,	'IGF-1'),
(306,	'Gastroscopy'),
(307,	'Random Insulin'),
(308,	'Qrisk®3-2018 (UK) Heart Attack/Stroke Risk Forecast'),
(309,	'HOMA-IR'),
(310,	'DEXA Body Composition Scan + Full Bone Mineral Density Scan'),
(311,	'Exercise Stress Echocardiogram (ESE)'),
(312,	'Renal Tract Ultrasound'),
(313,	'Lipoprotein (a)'),
(314,	'Continuous Glucose Monitor'),
(315,	'non-con screening MRI Brain'),
(316,	'non-con screening MRI Spine'),
(317,	'Lipids/HDL/LDL'),
(318,	'CT Coronary Calcium Score'),
(319,	'Scrotal Ultrasound'),
(320,	'Vit B12'),
(321,	'Non-con CT chest (everlab™ ultra-low dose protocol)'),
(322,	'LH'),
(323,	'In-Home Sleep Test'),
(324,	'LFTs'),
(325,	'Free T3'),
(326,	'Blood Lead'),
(327,	'Serum Phosphate'),
(328,	'Testosterone'),
(329,	'Fibroscan'),
(330,	'FPU uACR'),
(331,	'PSA'),
(332,	'FOBT'),
(333,	'Free Testosterone'),
(334,	'Estradiol'),
(335,	'ESR'),
(336,	'ECG');

DROP TABLE IF EXISTS `DiagnosticMetric`;
CREATE TABLE `DiagnosticMetric` (
  `id` int NOT NULL AUTO_INCREMENT,
  `name` varchar(191) COLLATE utf8mb4_unicode_ci NOT NULL,
  `oruSonicCodes` varchar(191) COLLATE utf8mb4_unicode_ci DEFAULT NULL,
  `oruSonicUnits` varchar(191) COLLATE utf8mb4_unicode_ci DEFAULT NULL,
  `minAge` int DEFAULT NULL,
  `maxAge` int DEFAULT NULL,
  `gender` varchar(191) COLLATE utf8mb4_unicode_ci DEFAULT NULL,
  `standardHigh` double DEFAULT NULL,
  `everlabLow` double DEFAULT NULL,
  `everlabHigh` double DEFAULT NULL,
  `diagnosticId` int DEFAULT NULL,
  `standardLow` double DEFAULT NULL,
  PRIMARY KEY (`id`),
  KEY `DiagnosticMetric_diagnosticId_fkey` (`diagnosticId`),
  CONSTRAINT `DiagnosticMetric_diagnosticId_fkey` FOREIGN KEY (`diagnosticId`) REFERENCES `Diagnostic` (`id`) ON DELETE SET NULL ON UPDATE CASCADE
) ENGINE=InnoDB AUTO_INCREMENT=277 DEFAULT CHARSET=utf8mb4 COLLATE=utf8mb4_unicode_ci;

INSERT INTO `DiagnosticMetric` (`id`, `name`, `oruSonicCodes`, `oruSonicUnits`, `minAge`, `maxAge`, `gender`, `standardHigh`, `everlabLow`, `everlabHigh`, `diagnosticId`, `standardLow`) VALUES
(1,	'C282Y Mutation',	'C282Y Mutation',	'',	0,	200,	'Any',	NULL,	NULL,	NULL,	NULL,	NULL),
(2,	'Holo-transcobalamin',	'Holo-transcobalamin:',	'pmol/L',	0,	200,	'Any',	NULL,	37,	NULL,	NULL,	37),
(3,	'Alpha 1 Globulin',	'Alpha 1 Globulin',	'g/L',	0,	200,	'Any',	4.1,	2,	4.56,	NULL,	2.2),
(4,	'Active Straight-Leg Raise Left (FMS)',	'',	'',	NULL,	NULL,	'Any',	NULL,	NULL,	NULL,	NULL,	NULL),
(5,	'Gamma Globulin',	'Gamma Globulin',	'g/L',	0,	200,	'Any',	16,	6.36,	17.78,	NULL,	7),
(6,	'Alpha Fetoprotein',	'',	'',	0,	200,	'Any',	10,	NULL,	11.11,	122,	0),
(7,	'Hep B core Total Antibody',	'Hep B core Total Antibody',	'',	0,	200,	'Any',	NULL,	NULL,	NULL,	NULL,	NULL),
(8,	'Beta 2 Globulin',	'Beta 2 Globulin',	'g/L',	0,	200,	'Any',	4.9,	1.91,	5.44,	NULL,	2.1),
(9,	'Aldosterone',	'',	'',	0,	200,	'Any',	160,	27.27,	177.78,	178,	30),
(10,	'Anti-CCP Antibodies',	'',	'',	0,	200,	'Any',	7,	NULL,	7.78,	192,	0),
(11,	'Deadlift 5RM (85%)',	'',	'',	NULL,	NULL,	'Any',	NULL,	NULL,	NULL,	219,	NULL),
(12,	'Alpha 2 Globulin',	'Alpha 2 Globulin',	'g/L',	0,	200,	'Any',	8.7,	4.45,	9.67,	NULL,	4.9),
(13,	'Abdominal Aorta Imaging',	'',	'',	0,	200,	'Any',	NULL,	NULL,	NULL,	147,	NULL),
(14,	'Bench 5RM (85%)',	'',	'',	NULL,	NULL,	'Any',	NULL,	NULL,	NULL,	219,	NULL),
(15,	'Beta 1 Globulin',	'Beta 1 Globulin',	'g/L',	0,	200,	'Any',	5.8,	3.09,	6.44,	NULL,	3.4),
(16,	'H63D Mutation',	'H63D Mutation',	'',	0,	200,	'Any',	NULL,	NULL,	NULL,	NULL,	NULL),
(17,	'Total Serum IgA',	'S IgA:',	'g/L',	0,	200,	'Any',	4,	0.64,	4.44,	NULL,	0.7),
(18,	'Squat 5RM (85%)',	'',	'',	NULL,	NULL,	'Any',	NULL,	NULL,	NULL,	219,	NULL),
(19,	'Total Serum IgG',	'S IgG:',	'g/L',	0,	200,	'Any',	16,	6.36,	17.78,	NULL,	7),
(20,	'Pancreas Imaging',	'',	'',	0,	200,	'Any',	NULL,	NULL,	NULL,	147,	NULL),
(21,	'Overhead Press 5RM (85%)',	'',	'',	NULL,	NULL,	'Any',	NULL,	NULL,	NULL,	219,	NULL),
(22,	'Chlamydia Screening Test',	'',	'',	0,	200,	'Any',	NULL,	NULL,	NULL,	177,	NULL),
(23,	'Activated Partial Thromboplastin Clotting Time',	'APTT',	'seconds',	0,	200,	'Any',	32,	18.18,	35.56,	169,	20),
(24,	'Thrombin Time',	'Thrombin Time',	'seconds',	0,	200,	'Any',	21,	12.73,	23.33,	169,	14),
(25,	'Faecal Occult Blood',	'',	'',	0,	200,	'Any',	NULL,	NULL,	NULL,	229,	NULL),
(26,	'Cancer Antigen 19-9',	'',	'',	0,	200,	'Any',	37,	NULL,	41.11,	NULL,	0),
(27,	'Exercise Stress Echocardiogram (ESE)',	'',	'',	0,	200,	'Any',	NULL,	NULL,	NULL,	128,	NULL),
(28,	'Anti-deamidated Gliadin Antibody',	'',	'',	0,	200,	'Any',	7,	NULL,	7.78,	179,	0),
(29,	'Liver Imaging',	'',	'',	0,	200,	'Any',	NULL,	NULL,	NULL,	147,	NULL),
(30,	'Cancer Antigen 125 (Female)',	'',	'',	0,	200,	'Any',	35,	NULL,	38.89,	NULL,	0),
(31,	'Android/Gynoid Ratio',	'',	'',	0,	200,	'Any',	NULL,	NULL,	NULL,	164,	NULL),
(32,	'Cancer Antigen 15-3 (Female)',	'',	'',	0,	200,	'Any',	30,	NULL,	33.33,	NULL,	0),
(33,	'Trace Morphology (P wave length)',	'P',	'ms',	0,	200,	'Any',	NULL,	NULL,	NULL,	185,	NULL),
(34,	'Fat Mass Index (Male) 18-34',	'',	'',	18,	34,	'Male',	NULL,	NULL,	5.33,	164,	NULL),
(35,	'Spleen Imaging',	'',	'',	0,	200,	'Any',	NULL,	NULL,	NULL,	147,	NULL),
(36,	'Bodyweight Deep Squat (30s)',	'',	'',	0,	200,	'Any',	NULL,	NULL,	NULL,	212,	NULL),
(37,	'Cystatin C',	'',	'',	0,	200,	'Any',	NULL,	NULL,	NULL,	204,	NULL),
(38,	'Fibrinogen',	'Fibrinogen',	'g/L',	0,	200,	'Any',	4.5,	1.82,	5,	169,	2),
(39,	'Trace Morphology (QRS complex length)',	'QRS',	'ms',	0,	200,	'Any',	NULL,	NULL,	NULL,	185,	NULL),
(40,	'Gall Bladder Imaging',	'',	'',	0,	200,	'Any',	NULL,	NULL,	NULL,	147,	NULL),
(41,	'Trace Morphology (PQ interval length)',	'PQ',	'ms',	0,	200,	'Any',	NULL,	NULL,	NULL,	185,	NULL),
(42,	'Trace Morphology (QRS complex deg)',	'QRS',	'Deg;deg',	0,	200,	'Any',	NULL,	NULL,	NULL,	185,	NULL),
(43,	'Carcinoembryonic Antigen (CEA)',	'',	'',	0,	200,	'Any',	5,	NULL,	5.56,	NULL,	0),
(44,	'Kidneys Imaging',	'',	'',	0,	200,	'Any',	NULL,	NULL,	NULL,	147,	NULL),
(45,	'Prothrombin Time',	'Prothrombin Time',	'seconds',	0,	200,	'Any',	14,	9.09,	15.56,	169,	10),
(46,	'Fasting Glucose',	'Fasting S Glucose;Glucose Fasting;Fasting P Glucose',	'mmol/L',	0,	200,	'Any',	6,	3.27,	5.89,	162,	3.6),
(47,	'Fasting Insulin',	'S Insulin (Fasting):;Insulin, Fasting',	'mU/L',	0,	200,	'Any',	17,	NULL,	6,	158,	NULL),
(48,	'Total Body % Fat',	'',	'',	0,	200,	'Any',	NULL,	NULL,	NULL,	164,	NULL),
(49,	'Serum Triglycerides',	'S Triglycerides:;Triglycerides',	'mmol/L',	0,	200,	'Any',	1.5,	NULL,	1.24,	227,	NULL),
(50,	'Total Fat Mass',	'',	'',	0,	200,	'Any',	NULL,	NULL,	NULL,	164,	NULL),
(51,	'Trace Morphology (QTc length)',	'QTc',	'ms',	0,	200,	'Any',	NULL,	NULL,	NULL,	185,	NULL),
(52,	'Antinuclear Antibody',	'ANA',	'',	0,	200,	'Any',	140,	NULL,	155.56,	205,	0),
(53,	'Prothrombin Ratio (INR)',	'Prothrombin ratio (INR)',	'ratio',	0,	200,	'Any',	1.2,	0.73,	1.33,	169,	0.8),
(54,	'LDL Cholesterol',	'LDL Cholesterol;S LDL-Cholesterol:',	'mmol/L',	0,	200,	'Any',	3.5,	NULL,	2.89,	227,	NULL),
(55,	'Fatty Acid Profile - Omega 3 Index (EPA and DHA) and Omega 6 to 3 Ratio',	'',	'',	0,	200,	'Any',	NULL,	NULL,	NULL,	148,	NULL),
(56,	'Follicle-Stimulating Hormone',	'S FSH:',	'IU/L',	0,	200,	'Any',	9.7,	1.36,	10.78,	183,	1.5),
(57,	'Total Cholesterol',	'Cholesterol;S Cholesterol:',	'mmol/L',	0,	200,	'Any',	5.5,	3.18,	6.11,	227,	3.5),
(58,	'HDL Cholesterol',	'HDL Cholesterol;S HDL-Cholesterol:',	'mmol/L',	0,	200,	'Any',	NULL,	1.09,	2.9,	227,	1),
(59,	'Non HDL Cholesterol',	'Non HDL Cholesterol;Non-HDL Cholesterol',	'mmol/L',	0,	200,	'Any',	3.9,	NULL,	2.78,	227,	NULL),
(60,	'Food Diary Analysis',	'',	'',	0,	200,	'Any',	NULL,	NULL,	NULL,	140,	NULL),
(61,	'Apolipoprotein B',	'Apolipoprotein B;Apoliprotein B',	'g/L',	0,	200,	'Any',	1.3,	0.64,	1,	153,	0.7),
(62,	'Free Testosterone',	'Calculated Free Testosterone;Free Test (VC)',	'pmol/L',	0,	200,	'Any',	740,	236.36,	822.22,	167,	260),
(63,	'Trace Morphology (T wave deg)',	'T',	'Deg;deg',	0,	200,	'Any',	NULL,	NULL,	NULL,	185,	NULL),
(64,	'Triglycerides to HDL-C Ratio',	'',	'',	0,	200,	'Any',	NULL,	NULL,	NULL,	227,	NULL),
(65,	'Active Straight-Leg Raise Right (FMS)',	'',	'',	NULL,	NULL,	'Any',	NULL,	NULL,	NULL,	NULL,	NULL),
(66,	'Mean Corpuscular Haemoglobin (MCH)',	'M.C.H.;MCH',	'pg',	0,	200,	'Any',	32,	24.55,	35.56,	180,	27),
(67,	'Total Cholesterol to HDL-C ratio',	'Chol/HDLC',	'ratio',	0,	200,	'Any',	4.5,	NULL,	5,	227,	NULL),
(68,	'Hepatitis A IgG Antibody',	'',	'',	0,	200,	'Any',	1.1,	0.73,	1.22,	235,	0.8),
(69,	'Estimated VAT mass',	'',	'',	0,	200,	'Any',	NULL,	NULL,	166.67,	198,	NULL),
(70,	'Apolipoprotein E Genotype',	'',	'',	0,	200,	'Any',	NULL,	NULL,	NULL,	231,	NULL),
(71,	'Hurdle Step Right (FMS)',	'',	'',	NULL,	NULL,	'Any',	NULL,	NULL,	NULL,	NULL,	NULL),
(72,	'Continuous Glucose Monitor',	'',	'',	0,	200,	'Any',	NULL,	NULL,	NULL,	211,	NULL),
(73,	'Colonoscopy',	'',	'',	0,	200,	'Any',	NULL,	NULL,	NULL,	233,	NULL),
(74,	'Red Cell Distribution Width (RDW)',	'RDW',	'',	0,	200,	'Any',	15,	9.09,	16.67,	180,	10),
(75,	'Hepatitis C Antibodies',	'Hepatitis C Antibody;Hepatitis C Antibodies (by Axsym MEIA):',	'',	0,	200,	'Any',	NULL,	NULL,	NULL,	182,	NULL),
(76,	'Hepatitis B Surface Antigen',	'Hep B surface Antigen;Hepatitis B Surface Antigen:',	'',	0,	200,	'Any',	0.05,	NULL,	0.06,	199,	0),
(77,	'Haematocrit',	'Haematocrit',	'',	0,	200,	'Any',	0.54,	0.35,	0.6,	180,	0.39),
(78,	'Estimated VAT volume',	'',	'',	0,	200,	'Any',	NULL,	NULL,	166.67,	198,	NULL),
(79,	'Iga Anti-tissue Transglutaminase',	'',	'',	0,	200,	'Any',	7,	NULL,	7.78,	234,	0),
(80,	'Hepatitis B Surface Antibodies',	'',	'',	0,	200,	'Any',	100,	9.09,	111.11,	139,	10),
(81,	'Trace Morphology (RR interval length)',	'RR',	'ms',	0,	200,	'Any',	NULL,	NULL,	NULL,	185,	NULL),
(82,	'High Sensitivity C-Reactive Protein',	'S Sensitive CRP:',	'mg/L',	0,	200,	'Any',	5,	NULL,	2.22,	120,	NULL),
(83,	'Homocysteine',	'Homocysteine;Plasma Homocysteine',	'umol/L',	0,	200,	'Any',	15,	3.64,	16.67,	125,	4),
(84,	'HOMA-IR',	'',	'',	0,	200,	'Any',	NULL,	NULL,	1.67,	166,	NULL),
(85,	'Hurdle Step Left (FMS)',	'',	'',	NULL,	NULL,	'Any',	NULL,	NULL,	NULL,	NULL,	NULL),
(86,	'Haemoglobin',	'Haemoglobin',	'g/L',	0,	200,	'Any',	180,	118.18,	200,	180,	130),
(87,	'Astrand Treadmill Test',	'',	'',	NULL,	NULL,	'Any',	NULL,	NULL,	NULL,	210,	NULL),
(88,	'Trace Morphology (QT interval length)',	'QT',	'ms',	0,	200,	'Any',	NULL,	NULL,	NULL,	185,	NULL),
(89,	'Immunoglobulin E (IgE)',	'S IgE:',	'kU/L',	0,	200,	'Any',	100,	NULL,	111.11,	155,	0),
(90,	'Copper',	'',	'',	0,	200,	'Any',	22,	10,	24.44,	141,	11),
(91,	'Height',	'',	'',	0,	200,	'Any',	NULL,	NULL,	NULL,	149,	NULL),
(92,	'Gonorrhoea Screening Test',	'',	'',	0,	200,	'Any',	NULL,	NULL,	NULL,	156,	NULL),
(93,	'Serum Potassium',	'Potassium;S Potassium:',	'mmol/L',	0,	200,	'Any',	5.5,	3.18,	6.11,	181,	3.5),
(94,	'Serum Ferritin',	'S Ferritin:;Ferritin',	'ng/mL;ug/L',	0,	200,	'Any',	500,	27,	444.44,	143,	30),
(95,	'Australian Cardiovascular Disease 5 Year Risk Forecast',	'',	'',	0,	200,	'Any',	NULL,	NULL,	3.33,	232,	NULL),
(96,	'Transferrin Saturation',	'Saturation;Transferrin Saturation:',	'%',	0,	200,	'Any',	45,	9.09,	50,	143,	10),
(97,	'Serum Transferrin',	'S Transferrin:;Transferrin;',	'g/L',	0,	200,	'Any',	3.2,	1.82,	3.56,	143,	2),
(98,	'Walking Lunge (30s)',	'',	'',	NULL,	NULL,	'Any',	NULL,	NULL,	NULL,	218,	NULL),
(99,	'DHEA-S',	'',	'',	0,	200,	'Any',	9.2,	0.82,	10.22,	174,	0.9),
(100,	'Mean Corpuscular Volume (MCV)',	'M.C.V.;MCV',	'fL',	0,	200,	'Any',	100,	72.73,	111.11,	180,	80),
(101,	'Mean Corpuscular Haemoglobin Concentration (MCHC)',	'M.C.H.C.;MCHC',	'g/L',	0,	200,	'Any',	360,	281.82,	400,	180,	310),
(102,	'Gastroscopy',	'',	'',	0,	200,	'Any',	NULL,	NULL,	NULL,	136,	NULL),
(103,	'TIBC (Total Iron-Binding Capacity)',	'TIBC (Calculated)',	'umol/L',	0,	200,	'Any',	70,	41.82,	77.78,	143,	46),
(104,	'EBV IgG serology',	'',	'',	0,	200,	'Any',	0.9,	NULL,	1,	186,	0),
(105,	'Inline Lunge Right (FMS)',	'',	'',	NULL,	NULL,	'Any',	NULL,	NULL,	NULL,	NULL,	NULL),
(106,	'Serum Iron',	'Iron;S Iron:',	'umol/L',	0,	200,	'Any',	30,	4.55,	33.33,	143,	5),
(107,	'Estimated Glomerular Filtration Rate (eGFR)',	'eGFR',	'mL/min/1.73m2',	0,	200,	'Any',	NULL,	53.64,	NULL,	187,	59),
(108,	'In-Home Sleep Test',	'',	'',	0,	200,	'Any',	NULL,	NULL,	NULL,	206,	NULL),
(109,	'Serum Urea',	'S Urea:;Urea',	'mmol/L',	0,	200,	'Any',	7.5,	2.73,	8.33,	187,	3),
(110,	'Total Serum IgM',	'S IgM:',	'g/L',	0,	200,	'Any',	3,	0.36,	3.33,	NULL,	0.4),
(111,	'Serum Sodium',	'S Sodium:;Sodium',	'mmol/L',	0,	200,	'Any',	145,	122.73,	161.11,	181,	135),
(112,	'Dynamometer Grip Strength (Left)',	'',	'',	NULL,	NULL,	'Any',	NULL,	NULL,	NULL,	215,	NULL),
(113,	'Lean Mass Of Arms',	'',	'',	0,	200,	'Any',	NULL,	NULL,	NULL,	207,	NULL),
(114,	'HbA1c (IFCC)',	'HBA1c (IFCC)',	'mmol/mol',	0,	200,	'Any',	38,	18.18,	40,	163,	20),
(115,	'Serum Creatinine',	'Creatinine;S Creatinine:',	'umol/L',	0,	200,	'Any',	110,	54.55,	122.22,	187,	60),
(116,	'Lean Mass Of Legs',	'',	'',	0,	200,	'Any',	NULL,	NULL,	NULL,	207,	NULL),
(117,	'EBV IgM serology',	'',	'',	0,	200,	'Any',	0.9,	NULL,	1,	186,	0),
(118,	'Lipoprotein (a)',	'Lipoprotein (a)',	'g/L',	0,	200,	'Any',	0.3,	NULL,	0.33,	127,	NULL),
(119,	'Blood Pressure Profile (Diastolic)',	'',	'',	0,	200,	'Any',	90,	45.45,	83.33,	126,	50),
(120,	'Waist Circumference',	'',	'',	0,	200,	'Any',	NULL,	NULL,	NULL,	149,	NULL),
(121,	'Relative Skeletal Muscle Index (RSMI)',	'',	'',	0,	200,	'Any',	NULL,	NULL,	NULL,	207,	NULL),
(122,	'Beta-HCG (Female)',	'',	'',	0,	200,	'Any',	5,	NULL,	5.56,	161,	0),
(123,	'Serum Alkaline Phosphatase',	'Alk Phos;S Alkaline Phosphatase:',	'U/L',	0,	200,	'Any',	110,	31.82,	122.22,	209,	35),
(124,	'Weight',	'',	'',	0,	200,	'Any',	NULL,	NULL,	NULL,	149,	NULL),
(125,	'Serum Alanine Aminotransferase',	'ALT;S ALT:',	'U/L',	0,	200,	'Any',	40,	4.55,	44.44,	209,	5),
(126,	'Lactate Dehydrogenase',	'LDH;S LDH:',	'U/L',	0,	200,	'Any',	250,	109.09,	277.78,	134,	120),
(127,	'Serum Bilirubin',	'S Bilirubin:;Total Bilirubin',	'umol/L',	0,	200,	'Any',	20,	3.64,	22.22,	209,	4),
(128,	'Serum Bicarbonate',	'Bicarbonate;S Bicarbonate:',	'mmol/L',	0,	200,	'Any',	32,	18.18,	35.56,	181,	20),
(129,	'Dead Hang',	'',	'',	NULL,	NULL,	'Any',	NULL,	NULL,	NULL,	NULL,	NULL),
(130,	'Rhythm',	'',	'',	0,	200,	'Any',	NULL,	NULL,	NULL,	185,	NULL),
(131,	'Serum Globulin',	'Globulin;S Globulin:',	'g/L',	0,	200,	'Any',	39,	20.91,	43.33,	209,	23),
(132,	'Morning Serum Cortisol',	'Cortisol am;S CORTISOL (AM):',	'nmol/L',	0,	200,	'Any',	537,	120.91,	537,	220,	133),
(133,	'Blood Pressure Profile (Systolic)',	'',	'',	0,	200,	'Any',	140,	72.73,	133.33,	126,	80),
(134,	'HbA1c (NGSP)',	'HbA1c (NGSP);B Glycosylated Haemoglobin (Hb A1c):',	'%',	0,	200,	'Any',	5.6,	3.64,	6,	163,	4),
(135,	'Luteinizing Hormone',	'LH',	'IU/L',	0,	200,	'Any',	9.2,	1.64,	10.22,	171,	1.8),
(136,	'Controlled Attenuated Parameter (CAP)',	'',	'',	0,	200,	'Any',	NULL,	NULL,	NULL,	121,	NULL),
(137,	'Serum Albumin',	'S Albumin:;Albumin;Albumin (Calculated)',	'g/L',	0,	200,	'Any',	50,	35.45,	55.56,	209,	39),
(138,	'Serum Chloride',	'Chloride;S Chloride:',	'mmol/L',	0,	200,	'Any',	110,	86.36,	122.22,	181,	95),
(139,	'Dynamometer Grip Strength (Right)',	'',	'',	NULL,	NULL,	'Any',	NULL,	NULL,	NULL,	215,	NULL),
(140,	'CT chest (everlab™ ultra-low dose protocol)',	'',	'',	0,	200,	'Any',	NULL,	NULL,	NULL,	135,	NULL),
(141,	'Farmer\'s Carry (50% BW)',	'',	'',	NULL,	NULL,	'Any',	NULL,	NULL,	NULL,	222,	NULL),
(142,	'Serum Aspartate Transaminase',	'AST;S AST:',	'U/L',	0,	200,	'Any',	40,	9.09,	44.44,	209,	10),
(143,	'Max Pull Ups (30s)',	'',	'',	NULL,	NULL,	'Any',	NULL,	NULL,	NULL,	222,	NULL),
(144,	'Resting Heart Rate',	'HR',	'/min;beats/min',	0,	200,	'Any',	NULL,	36.36,	83.33,	185,	NULL),
(145,	'Obesity/Sarcopenia Category',	'',	'',	0,	200,	'Any',	NULL,	NULL,	NULL,	170,	NULL),
(146,	'Pelvic (Prostate) MRI',	'',	'',	0,	200,	'Any',	NULL,	NULL,	NULL,	131,	NULL),
(147,	'Pharmacogenetics Study',	'',	'',	0,	200,	'Any',	NULL,	NULL,	NULL,	230,	NULL),
(148,	'Max Tuck Jumps (30s)',	'',	'',	NULL,	NULL,	'Any',	NULL,	NULL,	NULL,	222,	NULL),
(149,	'Serum Total Protein',	'S Total Protein:;Total Protein',	'g/L',	0,	200,	'Any',	85,	61.82,	94.44,	209,	68),
(150,	'Peak Fitness Level Assessment (VO2Max Testing)',	'',	'',	0,	200,	'Any',	NULL,	NULL,	NULL,	202,	NULL),
(151,	'Estimated Average Glucose',	'Estimated Average Glucose',	'mmol/L',	0,	200,	'Any',	NULL,	NULL,	NULL,	163,	NULL),
(152,	'Right Femoral Neck Density',	'',	'',	0,	200,	'Any',	NULL,	NULL,	NULL,	203,	NULL),
(153,	'Non Cardiac Findings',	'',	'',	0,	200,	'Any',	NULL,	NULL,	NULL,	228,	NULL),
(154,	'Helicobacter Breath Test',	'',	'',	0,	200,	'Any',	NULL,	NULL,	NULL,	226,	NULL),
(155,	'Plank Time',	'',	'',	NULL,	NULL,	'Any',	NULL,	NULL,	NULL,	208,	NULL),
(156,	'Prolactin',	'',	'',	0,	200,	'Any',	17,	2.27,	18.89,	152,	2.5),
(157,	'Platelets',	'PLATELETS;Platelets',	'x 10*9/L;x10*9/L',	0,	200,	'Any',	450,	136.36,	500,	191,	150),
(158,	'Healthy Heart Age',	'',	'',	0,	200,	'Any',	NULL,	NULL,	NULL,	236,	NULL),
(159,	'Erythrocyte Sedimentation Rate',	'E.S.R.;ESR',	'mm/h;mm/hr',	0,	200,	'Any',	20,	0.91,	20,	224,	1),
(160,	'Progesterone',	'Progesterone',	'nmol/L',	0,	200,	'Any',	4.3,	0.64,	4.78,	193,	0.7),
(161,	'Comparable Risk of a Healthy Person with the same Age, Sex, and Ethnicity',	'',	'',	0,	200,	'Any',	NULL,	NULL,	NULL,	236,	NULL),
(162,	'Serum Gamma-GT',	'Gamma GT;S Gamma-GT:',	'U/L',	0,	200,	'Any',	50,	4.55,	55.56,	209,	5),
(163,	'Trace Morphology',	'',	'',	0,	200,	'Any',	NULL,	NULL,	NULL,	185,	NULL),
(164,	'Prostate-specific Antigen (PSA) (Male)',	'PSA',	'ug/L',	0,	200,	'Any',	2.5,	0.23,	2.78,	142,	0.25),
(165,	'Growth Hormone',	'',	'',	0,	200,	'Any',	8,	0.09,	8.89,	NULL,	0.1),
(166,	'Left Femoral Neck Density',	'',	'',	0,	200,	'Any',	NULL,	NULL,	NULL,	203,	NULL),
(167,	'Estradiol',	'S Oestradiol',	'pmol/L',	0,	200,	'Any',	NULL,	145.45,	NULL,	168,	160),
(168,	'Noncoronary Cardiac Findings',	'',	'',	0,	200,	'Any',	NULL,	NULL,	NULL,	228,	NULL),
(169,	'RAST Panel',	'',	'',	0,	200,	'Any',	NULL,	NULL,	NULL,	NULL,	NULL),
(170,	'Risk of a Heart Attack or Stroke within the Next 10 Years',	'',	'',	0,	200,	'Any',	NULL,	NULL,	NULL,	236,	NULL),
(171,	'Trace Morphology (P wave deg)',	'P',	'Deg;deg',	0,	200,	'Any',	NULL,	NULL,	NULL,	185,	NULL),
(172,	'Random Insulin',	'Insulin, Random',	'mU/L',	0,	200,	'Any',	NULL,	NULL,	NULL,	119,	NULL),
(173,	'Red Cell Count',	'Red cell count',	'x10*12/L',	0,	200,	'Any',	6.5,	3.43,	5.7,	180,	4.5),
(174,	'Renin Level',	'',	'',	0,	200,	'Any',	41.9,	2.64,	46.56,	132,	2.9),
(175,	'Brain MRI',	'',	'',	0,	200,	'Any',	NULL,	NULL,	NULL,	201,	NULL),
(176,	'Renal Tract Ultrasound',	'',	'',	0,	200,	'Any',	NULL,	NULL,	NULL,	225,	NULL),
(177,	'Rotary Stability Left (FMS)',	'',	'',	NULL,	NULL,	'Any',	NULL,	NULL,	NULL,	NULL,	NULL),
(178,	'Resting Metabolic Rate (Harris Benedict Calculation)',	'',	'',	0,	200,	'Any',	NULL,	NULL,	NULL,	175,	NULL),
(179,	'Rotary Stability Right (FMS)',	'',	'',	NULL,	NULL,	'Any',	NULL,	NULL,	NULL,	NULL,	NULL),
(180,	'Random Glucose',	'Glucose Random;Random S Glucose AM;Random P Glucose AM',	'mmol/L',	0,	200,	'Any',	7.7,	3.27,	8.56,	144,	3.6),
(181,	'Serum Calcium',	'S Calcium:;Calcium;P Ionized Calcium:',	'mmol/L',	0,	200,	'Any',	2.55,	1.95,	2.83,	176,	2.15),
(182,	'Coronary Artery Findings',	'',	'',	0,	200,	'Any',	NULL,	NULL,	NULL,	228,	NULL),
(183,	'Serum Magnesium',	'S Magnesium:;Magnesium',	'mmol/L',	0,	200,	'Any',	1,	0.68,	1.11,	123,	0.65),
(184,	'Serum Lead Level (ug/dL)',	'Lead-blood',	'ug/dL',	0,	200,	'Any',	0.24,	NULL,	0.17,	223,	0),
(185,	'IQR/Med Ratio',	'',	'',	0,	200,	'Any',	NULL,	NULL,	NULL,	121,	NULL),
(186,	'Serum Lead Level (umol/L)',	'Lead-blood',	'umol/L',	0,	200,	'Any',	0.24,	NULL,	0.17,	223,	0),
(187,	'Serum Folate',	'S Folate:;Serum Folate;B Red Cell Folate:',	'nmol/L',	0,	200,	'Any',	NULL,	5.45,	NULL,	216,	6),
(188,	'Rheumatoid Factor (RF)',	'',	'',	0,	200,	'Any',	14,	NULL,	15.56,	190,	0),
(189,	'Corrected Calcium',	'Corrected Calcium;S Calcium (corrected):;S Calcium (corrected)',	'mmol/L',	0,	200,	'Any',	2.55,	1.95,	2.83,	176,	2.15),
(190,	'Scrotal Ultrasound',	'',	'',	NULL,	NULL,	'Any',	NULL,	NULL,	NULL,	150,	NULL),
(191,	'FEV1',	'',	'',	0,	200,	'Any',	NULL,	NULL,	NULL,	138,	NULL),
(192,	'Resting Metabolic Rate (Cunningham Equation)',	'',	'',	0,	200,	'Any',	NULL,	NULL,	NULL,	175,	NULL),
(193,	'Median Liver Stiffness',	'',	'',	0,	200,	'Any',	7,	NULL,	7.78,	121,	0),
(194,	'C-reactive Protein',	'CRP;S C-Reactive Protein:',	'mg/L',	0,	200,	'Any',	5,	NULL,	3.33,	154,	0),
(195,	'Serum Parathyroid Hormone',	'',	'',	0,	200,	'Any',	NULL,	NULL,	NULL,	159,	NULL),
(196,	'Shoulder Immobility Right (FMS)',	'',	'',	NULL,	NULL,	'Any',	NULL,	NULL,	NULL,	NULL,	NULL),
(197,	'Sex Hormone Binding Globulin',	'SHBG',	'nmol/L',	0,	200,	'Any',	50,	13.64,	55.56,	189,	15),
(198,	'CT Coronary Calcium Score',	'',	'',	0,	200,	'Any',	NULL,	NULL,	NULL,	160,	0),
(199,	'Single Leg Squat (Right) (30s)',	'',	'',	NULL,	NULL,	'Any',	NULL,	NULL,	NULL,	221,	NULL),
(200,	'Single Leg Squat (Left) (30s)',	'',	'',	NULL,	NULL,	'Any',	NULL,	NULL,	NULL,	221,	NULL),
(201,	'Testosterone Level',	'S Testosterone;Testosterone',	'nmol/L',	0,	200,	'Any',	32,	10.45,	35.56,	173,	11.5),
(202,	'Total Serum IgA',	'',	'',	0,	200,	'Any',	4,	0.64,	4.44,	157,	0.7),
(203,	'Thyroxine (T4) Free',	'Free T4;FT4 (Roche)',	'pmol/L',	0,	200,	'Any',	22,	10,	24.44,	200,	11),
(204,	'Serum Phosphate',	'S Inorganic Phosphate:;Phosphate',	'mmol/L',	0,	200,	'Any',	1.5,	0.73,	1.67,	133,	0.8),
(205,	'Thyroid Peroxidase (Tpo)',	'Thyroid Peroxidase Ab',	'IU/mL',	0,	200,	'Any',	5.6,	NULL,	6.22,	197,	NULL),
(206,	'Shoulder Immobility Left (FMS)',	'',	'',	NULL,	NULL,	'Any',	NULL,	NULL,	NULL,	NULL,	NULL),
(207,	'Spine MRI',	'',	'',	0,	200,	'Any',	NULL,	NULL,	NULL,	213,	NULL),
(208,	'Thyroglobulin Antibodies (Tgab)',	'TgAb;Thyroglobulin Ab',	'IU/mL',	0,	200,	'Any',	115,	NULL,	127.78,	129,	NULL),
(209,	'Serum Mercury Level',	'Mercury-blood',	'nmol/L',	0,	200,	'Any',	60,	NULL,	44.44,	151,	NULL),
(210,	'Stand & Reach Test',	'',	'',	NULL,	NULL,	'Any',	NULL,	NULL,	NULL,	NULL,	NULL),
(211,	'The Ten Year Probability Of Hip Fracture (%)',	'',	'',	0,	200,	'Any',	NULL,	NULL,	NULL,	217,	NULL),
(212,	'Thyroid Stimulating Hormone (TSH)',	'TSH;TSH (Roche)',	'mU/L;mIU/L',	0,	200,	'Any',	5.5,	0.45,	4.44,	196,	0.5),
(213,	'Triiodothyronine (T3) Free',	'Free T3',	'pmol/L',	0,	200,	'Any',	6,	2.36,	6.67,	195,	2.6),
(214,	'Random Urinary Albumin',	'U Albumin, random;R U-Albumin',	'mg/L',	0,	200,	'Any',	NULL,	NULL,	NULL,	194,	NULL),
(215,	'Vitamin D3',	'25-Hydroxy Vitamin D;Vitamin D',	'nmol/L',	0,	200,	'Any',	250,	45.45,	277.78,	130,	50),
(216,	'Uric Acid (Male)',	'',	'',	0,	200,	'Male',	0.5,	0.18,	0.46,	165,	0.2),
(217,	'Basophils',	'Basophils',	'x10*9/L',	0,	200,	'Any',	0.3,	NULL,	0.33,	137,	0),
(218,	'Dustmite',	'Dustmite',	'kU/L',	0,	200,	'Any',	NULL,	NULL,	NULL,	NULL,	NULL),
(219,	'Lipase',	'Lipase',	'U/L',	0,	200,	'Any',	55,	9.09,	61.11,	NULL,	10),
(220,	'Push Ups (30s)',	'',	'',	NULL,	NULL,	'Any',	NULL,	NULL,	NULL,	214,	NULL),
(221,	'Urinary Albumin-to-Creatinine Ratio',	'U Albumin/Creatinine ratio;R U-Albumin/Creat',	'mg/mmol',	0,	200,	'Any',	NULL,	NULL,	2.78,	194,	3.5),
(222,	'Eosinophils',	'Eosinophils',	'x10*9/L',	0,	200,	'Any',	0.5,	NULL,	0.56,	137,	0),
(223,	'Lymphocytes',	'Lymphocytes',	'x10*9/L',	0,	200,	'Any',	4,	0.91,	4.44,	137,	1),
(224,	'Honey bee venom',	'Honey bee venom',	'kU/L',	0,	200,	'Any',	NULL,	NULL,	NULL,	NULL,	NULL),
(225,	'Staple Food Mix',	'Staple Food Mix',	'kU/L',	0,	200,	'Any',	NULL,	NULL,	NULL,	NULL,	NULL),
(226,	'The Ten Year Probability Of Major Osteoporotic Fracture (%)',	'',	'',	0,	200,	'Any',	NULL,	NULL,	NULL,	217,	NULL),
(227,	'Urinalysis Test',	'',	'',	0,	200,	'Any',	NULL,	NULL,	NULL,	145,	NULL),
(228,	'Monocytes',	'Monocytes',	'x10*9/L',	0,	200,	'Any',	1,	NULL,	1.11,	137,	0),
(229,	'Alternaria alternata',	'Alternaria alternata',	'kU/L',	0,	200,	'Any',	NULL,	NULL,	NULL,	NULL,	NULL),
(230,	'Neutrophils',	'Neutrophils',	'x10*9/L',	0,	200,	'Any',	7.5,	1.82,	8.33,	137,	2),
(231,	'Zinc Level',	'Serum Zinc;Zinc-plasma',	'umol/L',	0,	200,	'Any',	19,	8.18,	21.11,	124,	9),
(232,	'Endomysial Antibodies',	'Endomysial Antibodies:',	'',	0,	200,	'Any',	NULL,	NULL,	NULL,	NULL,	NULL),
(233,	'Paper wasp venom',	'Paper wasp venom',	'kU/L',	0,	200,	'Any',	NULL,	NULL,	NULL,	NULL,	NULL),
(234,	'Perennial rye grass',	'Perennial rye grass',	'',	0,	200,	'Any',	NULL,	NULL,	NULL,	NULL,	NULL),
(235,	'EIA Antigen',	'EIA Antigen:',	'',	0,	200,	'Any',	NULL,	NULL,	NULL,	NULL,	NULL),
(236,	'Random Urinary Creatinine',	'U Creatinine, random;U-Creatinine',	'mmol/L',	0,	200,	'Any',	NULL,	NULL,	NULL,	194,	NULL),
(237,	'HIV Antibodies',	'HIV 1/2 Antibodies:;HIV 1/2 Antigen/Antibody',	'',	0,	200,	'Any',	NULL,	NULL,	NULL,	NULL,	NULL),
(238,	'Thyroid Ultrasound',	'',	'',	0,	200,	'Any',	NULL,	NULL,	NULL,	146,	NULL),
(239,	'1,25 Dihydroxycalciferol',	'1,25 Dihydroxycalciferol',	'pmol/L',	0,	200,	'Any',	208,	54.55,	231.11,	NULL,	60),
(240,	'Varicella zoster IgG',	'Varicella zoster IgG:',	'',	0,	200,	'Any',	NULL,	NULL,	NULL,	NULL,	NULL),
(241,	'Vitamin B12',	'Vitamin B12;Total Vitamin B12:;',	'pmol/L',	0,	200,	'Any',	700,	181.82,	777.78,	172,	200),
(242,	'FEF-25-75',	'',	'',	0,	200,	'Any',	NULL,	NULL,	NULL,	138,	NULL),
(243,	'FEV1 Standardised Comparison',	'',	'',	0,	200,	'Any',	NULL,	-0.56,	NULL,	138,	NULL),
(244,	'Total White Cell Count',	'White cell count',	'x10*9/L',	0,	200,	'Any',	11,	3.64,	12.22,	137,	4),
(245,	'Extractable Nuclear Antigens',	'Extractable Nuclear Antigens:',	'',	0,	200,	'Any',	NULL,	NULL,	NULL,	NULL,	NULL),
(246,	'Lumbar Spine Density',	'',	'',	0,	200,	'Any',	NULL,	NULL,	NULL,	203,	NULL),
(247,	'Yellow jacket venom',	'Yellow jacket venom',	'kU/L',	0,	200,	'Any',	NULL,	NULL,	NULL,	NULL,	NULL),
(248,	'Right Femoral Neck Density Standardised Comparison',	'',	'',	0,	200,	'Any',	NULL,	-0.56,	NULL,	203,	NULL),
(249,	'IGF-1',	'',	'',	0,	200,	'Any',	8,	0.09,	8.89,	188,	0.1),
(250,	'Blood Group',	'Blood Group',	'',	0,	200,	'Any',	NULL,	NULL,	NULL,	NULL,	NULL),
(251,	'FVC Standardised Comparison',	'',	'',	0,	200,	'Any',	NULL,	-0.56,	NULL,	138,	NULL),
(252,	'FEF-25-75 % Predicted',	'',	'',	0,	200,	'Any',	NULL,	NULL,	NULL,	138,	NULL),
(253,	'FEV1 % Predicted',	'',	'',	0,	200,	'Any',	NULL,	NULL,	NULL,	138,	NULL),
(254,	'FEF-25-75 Standardised Comparison',	'',	'',	0,	200,	'Any',	NULL,	-0.56,	NULL,	138,	NULL),
(255,	'FVC',	'',	'',	0,	200,	'Any',	NULL,	NULL,	NULL,	138,	NULL),
(256,	'FEF75',	'',	'',	0,	200,	'Any',	NULL,	NULL,	NULL,	138,	NULL),
(257,	'Tryptase',	'Tryptase',	'ug/L',	0,	200,	'Any',	13.5,	NULL,	15,	NULL,	NULL),
(258,	'FEF75 % Predicted',	'',	'',	0,	200,	'Any',	NULL,	NULL,	NULL,	138,	NULL),
(259,	'FVC % Predicted',	'',	'',	0,	200,	'Any',	NULL,	NULL,	NULL,	138,	NULL),
(260,	'Fat Mass Index (Male) 35-54',	'',	'',	35,	54,	'Male',	NULL,	NULL,	5.39,	164,	NULL),
(261,	'Left Femoral Neck Density Standardised Comparison',	'',	'',	0,	200,	'Any',	NULL,	-0.56,	NULL,	203,	NULL),
(262,	'Fat Mass Index (Male) 75+',	'',	'',	75,	200,	'Male',	NULL,	NULL,	7.11,	164,	NULL),
(263,	'Fat Mass Index (Male) 55-74',	'',	'',	55,	74,	'Male',	NULL,	NULL,	6.39,	164,	NULL),
(264,	'Syphilis Ab',	'Syphilis Ab',	'',	0,	200,	'Any',	NULL,	NULL,	NULL,	NULL,	NULL),
(265,	'Fat Mass Index (Female) 75+',	'',	'',	75,	200,	'Female',	NULL,	4.73,	8.44,	164,	NULL),
(266,	'Uric Acid',	'S Uric Acid:;Urate',	'mmol/L',	0,	200,	'Any',	0.5,	0.18,	0.41,	165,	0.2),
(267,	'Lumbar Spine Density Standardised Comparison',	'',	'',	0,	200,	'Any',	NULL,	-0.56,	NULL,	203,	NULL),
(268,	'Fat Mass Index (Female) 35-54',	'',	'',	35,	54,	'Female',	NULL,	3.36,	6.67,	164,	NULL),
(269,	'Uric Acid (Female)',	'',	'',	0,	200,	'Female',	0.5,	0.13,	0.39,	165,	0.2),
(270,	'Rubella IgG',	'Rubella IgG',	'IU/mL',	0,	200,	'Any',	NULL,	NULL,	NULL,	NULL,	NULL),
(271,	'Blood Group Antibody screen',	'Antibody screen',	'',	0,	200,	'Any',	NULL,	NULL,	NULL,	NULL,	NULL),
(272,	'Fat Mass Index',	'',	'',	18,	34,	'Male',	NULL,	NULL,	4.11,	164,	NULL),
(273,	'Creatine kinase',	'CK',	'U/L',	0,	200,	'Any',	250,	40.91,	277.78,	NULL,	45),
(274,	'Fat Mass Index (Female) 55-74',	'',	'',	55,	74,	'Female',	NULL,	3.91,	8,	164,	NULL),
(275,	'Fat Mass Index (Female) 18-34',	'',	'',	18,	34,	'Female',	NULL,	2.91,	5.56,	164,	NULL),
(276,	'FEF75 Standardised Comparison',	'',	'',	0,	200,	'Any',	NULL,	-0.56,	NULL,	138,	NULL);

DROP TABLE IF EXISTS `_ConditionToDiagnosticMetric`;
CREATE TABLE `_ConditionToDiagnosticMetric` (
  `A` int NOT NULL,
  `B` int NOT NULL,
  UNIQUE KEY `_ConditionToDiagnosticMetric_AB_unique` (`A`,`B`),
  KEY `_ConditionToDiagnosticMetric_B_index` (`B`),
  CONSTRAINT `_ConditionToDiagnosticMetric_A_fkey` FOREIGN KEY (`A`) REFERENCES `Condition` (`id`) ON DELETE CASCADE ON UPDATE CASCADE,
  CONSTRAINT `_ConditionToDiagnosticMetric_B_fkey` FOREIGN KEY (`B`) REFERENCES `DiagnosticMetric` (`id`) ON DELETE CASCADE ON UPDATE CASCADE
) ENGINE=InnoDB DEFAULT CHARSET=utf8mb4 COLLATE=utf8mb4_unicode_ci;

INSERT INTO `_ConditionToDiagnosticMetric` (`A`, `B`) VALUES
(101,	2),
(126,	6),
(104,	7),
(98,	13),
(148,	20),
(170,	22),
(135,	25),
(134,	26),
(115,	27),
(167,	29),
(150,	30),
(121,	31),
(87,	32),
(168,	35),
(91,	40),
(111,	43),
(108,	44),
(138,	48),
(103,	68),
(155,	73),
(172,	75),
(92,	76),
(93,	80),
(166,	83),
(156,	84),
(164,	86),
(110,	87),
(107,	89),
(161,	92),
(96,	94),
(157,	95),
(89,	100),
(149,	102),
(153,	104),
(95,	107),
(169,	117),
(160,	119),
(100,	120),
(105,	122),
(127,	126),
(162,	130),
(119,	132),
(171,	133),
(117,	136),
(130,	140),
(99,	144),
(112,	146),
(125,	150),
(145,	153),
(97,	154),
(116,	155),
(114,	157),
(139,	158),
(129,	164),
(154,	168),
(143,	169),
(122,	170),
(132,	172),
(159,	175),
(133,	176),
(131,	180),
(165,	182),
(141,	183),
(113,	185),
(136,	187),
(137,	190),
(118,	193),
(94,	198),
(142,	204),
(144,	207),
(163,	209),
(152,	215),
(124,	218),
(109,	219),
(147,	221),
(146,	227),
(123,	229),
(158,	231),
(88,	234),
(128,	237),
(140,	238),
(102,	240),
(151,	241),
(120,	264),
(90,	270),
(106,	273);

-- 2024-03-25 11:41:29